answer_llm,answer_orig,document,question,course,cosine
"To apply to a graduate program at ASU Online, begin by researching the specific admission requirements for the degree you are interested in, as each program has unique standards. You can apply while in your final year of your undergraduate degree. The application will require your junior-senior GPA, but you may provide an estimate if you're still completing your bachelor's. You can submit unofficial transcripts with your application, but official transcripts will be required if accepted.

Graduate application deadlines vary by program, so it's advisable to apply at least a month or two in advance of your intended start date. If you do not meet the admission requirements upon application, you may improve your chances of admission by working with the college or school of your degree of interest and following their guidelines.","We don't consider graduate students as transfer students. Potential graduate students must apply, be accepted and admitted into graduate programs of study.Each academic program can accept, at their discretion, up to 12 graduate-level credit hours with a grade of 'B' or better that were not used toward a previous degree. These preadmission credits must have been taken within three years of admission to the Arizona State University degree or certificate program to be accepted. You can learn more about preadmission credits in this graduate policies and procedures guide.",12,What is the process for applying to a graduate program at ASU Online?,ASU Online,0.47228608
"The provided context does not specify if there is a time limit for using ASU credits. For detailed information regarding the use of credits, it would be best to consult with an academic advisor or relevant administrative office at ASU.","Typically, Arizona State University credits don't expire. Similarly, transfer credits don't expire, though, you may need to retake some courses, such as computers and economics, depending on their relevance to today's courses.",42,Is there a time limit for using my ASU credits?,ASU Online,0.4708147
"Yes, unofficial transcripts are acceptable when applying for graduate programs at ASU Online. However, you will need to send official transcripts later if you are accepted.","No, you can apply to a graduate program while in the final year of your undergraduate degree. The graduate application will ask for your junior-senior GPA, but you can provide your best estimate if you are still completing your bachelor's degree. You can submit unofficial transcripts as a part of your application, but you will need to later send official transcripts if you are accepted.Graduate application deadlines vary by program, but you'll usually have to apply at least a month or two in advance of your chosen start date. If you're looking to start a graduate program right after you finish your bachelor's degree, you might need to apply while you're still in your undergraduate program.",46,Are unofficial transcripts acceptable when applying for graduate programs at ASU Online?,ASU Online,0.45042175
"ASU does not specifically mention live teaching sessions for online courses in the provided context. However, on-campus students can enroll in hybrid or ASU Sync courses, which include live lectures via Zoom. This indicates that while online students may not have live sessions explicitly stated, there are options for on-campus students that involve live interaction.","Arizona State University offers most of its online courses asynchronously, which means there are no set log-in times. However, there could be some synchronous components depending on the class and professor. Additionally, some classes may require group work that happens on a specific day or time. Therefore, it's important to read the syllabus to see what is expected before starting class.",47,Does ASU offer live teaching sessions for online courses?,ASU Online,0.49227035
"To find out about specific course requirements before classes begin, it is important to read the syllabus for each class as it will outline what is expected. Additionally, you can contact your academic advisor for more information regarding course requirements specific to your program.","Arizona State University offers most of its online courses asynchronously, which means there are no set log-in times. However, there could be some synchronous components depending on the class and professor. Additionally, some classes may require group work that happens on a specific day or time. Therefore, it's important to read the syllabus to see what is expected before starting class.",47,How can I find out about specific course requirements before classes begin?,ASU Online,0.48624796
"Yes, there are options for transferring credits that can help you graduate faster. For undergraduate degrees, you can transfer a maximum of 64 college credits to Arizona State University (ASU), while graduate programs can accept up to 12 graduate-level credit hours. It is essential to work with your enrollment coach or academic advisor to pre-evaluate your credits and determine how they may apply to your degree program. This can help streamline your path to graduation.","That depends on your specific situation and how many courses you take throughout the academic year. In general, a bachelor's degree usually takes about four years to complete and a master's degree usually takes about two years. This assumes you take a standard full-time course load of 12-15 credit hours per semester.If you take more credit hours per semester or have transfer credits, you might be able to complete your degree sooner. You can contact your academic advisor to find out how long it might take you to get your degree.",49,Are there options for transferring credits that can help me graduate faster?,ASU Online,0.4478672
"To get a personalized estimate on your degree completion timeline, you can contact your academic advisor. They can provide you with information tailored to your specific situation.","That depends on your specific situation and how many courses you take throughout the academic year. In general, a bachelor's degree usually takes about four years to complete and a master's degree usually takes about two years. This assumes you take a standard full-time course load of 12-15 credit hours per semester.If you take more credit hours per semester or have transfer credits, you might be able to complete your degree sooner. You can contact your academic advisor to find out how long it might take you to get your degree.",49,Who can I speak to for a personalized estimate on my degree completion timeline?,ASU Online,0.38390222
